{"schemaVersion":"1.0","appDefinitionTemplate":{"id":"/providers/Microsoft.PowerApps/apps/","type":"Microsoft.PowerApps/apps","tags":{"primaryDeviceWidth":"1366","primaryDeviceHeight":"768","supportsPortrait":"true","supportsLandscape":"true","primaryFormFactor":"Tablet","publisherVersion":"3.23031.19","minimumRequiredApiVersion":"2.2.0","hasComponent":"false","hasUnlockedComponent":"false","isUnifiedRootApp":"false","sienaVersion":"20230317T124311Z-3.23031.19.0"},"properties":{"appVersion":"2023-03-17T12:43:11Z","lifeCycleId":"Published","createdByClientVersion":{"major":3,"minor":23031,"build":19,"revision":0,"majorRevision":0,"minorRevision":0},"minClientVersion":{"major":3,"minor":23031,"build":19,"revision":0,"majorRevision":0,"minorRevision":0},"backgroundColor":"rgba(255, 255, 255, 1)","backgroundImageUri":"/2413554166435409219/Nbba5ec7a-f34f-4869-a920-8c8c9b9789dc-logoSmallFile","displayName":"Intelligent Dashboard","description":"The Intelligent Dashboard is designed to help healthcare professionals and organizations efficiently gather insights from unstructured healthcare information","commitMessage":"","appUris":{"documentUri":{"value":"/2413554166435409219/Nf128cce3-192d-4476-8fa1-960d88a6daba-document.msapp"},"imageUris":[],"additionalUris":[]},"createdTime":"0001-01-01T00:00:00Z","lastModifiedTime":"0001-01-01T00:00:00Z","sharedGroupsCount":0,"sharedUsersCount":0,"connectionReferences":{"b6a0857e-e652-48bd-aa30-8ca6ef02708e":{"id":"f0c62a61-cf41-4262-a93b-a111f157aa78","displayName":"Azure Blob Storage","iconUri":"https://connectoricons-prod.azureedge.net/u/laborbol/releases/ase-v3/1.0.1622.3200/azureblob/icon.png","dataSources":["AzureBlobStorage"],"dependencies":[],"dependents":[],"parameterHints":{},"parameterHintsV2":{},"isOnPremiseConnection":false,"sharedConnectionId":"a4aa4b20-a40e-4dd8-9de4-1ec34fcdbf0c","bypassConsent":false,"dataSets":{},"apiTier":"Premium","isCustomApiConnection":false,"authenticationType":"keyBasedAuth","actions":["ListFolderV2","CreateFile","DeleteFile"],"endpoints":["strghealthai"]}},"authorizationReferences":[{"resourceId":"powerbi"}],"databaseReferences":{},"almMode":"Environment","performanceOptimizationEnabled":true,"canConsumeAppPass":true,"enableModernRuntimeMode":false,"executionRestrictions":{"isTeamsOnly":false,"dataLossPreventionEvaluationResult":{"status":"Compliant","lastEvaluationDate":"2023-03-03T15:06:09.0231784Z","violations":[],"violationsByPolicy":[],"violationErrorMessage":"The app uses the following connectors: ."}}},"appType":"ClassicCanvasApp","appComponents":[]}}