{
  "generatedBy": "Microsoft.NET.Sdk.Functions.Generator-4.1.1",
  "configurationSource": "attributes",
  "bindings": [
    {
      "type": "httpTrigger",
      "methods": [
        "post"
      ],
      "authLevel": "function",
      "name": "req"
    },
    {
      "type": "durableClient",
      "externalClient": false,
      "name": "starter"
    }
  ],
  "disabled": false,
  "scriptFile": "../bin/TextAnalyticsForHealthAsync-Client.dll",
  "entryPoint": "TextAnalyticsForHealthAsync_Client.RuntTA4HWorkloadFunction.Run"
}