{
  "generatedBy": "Microsoft.NET.Sdk.Functions.Generator-4.1.3",
  "configurationSource": "attributes",
  "bindings": [
    {
      "type": "blobTrigger",
      "connection": "AzureWebStorageForData",
      "path": "medical-texts-fhir/{name}",
      "source": "logsAndContainerScan",
      "name": "myBlob"
    }
  ],
  "disabled": false,
  "scriptFile": "../bin/text-analytics-for-health-support-functions.dll",
  "entryPoint": "text_analytics_for_health_support_functions.FhirBundleBlobTriggerFunction.Run"
}